Mutation,Protein,Molphase,DeePhase,Fuzdrop,PSPHunter,LLPhyScore,PSAP,PSPire,Phaseek,PICNIC
M1,Shank3,-0.648371671,-1.206450877,-1.79385693,-0.984404014,1.86004521,-0.387023123,-2.627689252,-1.729673805,-0.204175922
M1,MED1,-0.001443417,-0.2410081,0,-0.256651295,-0.617481555,0.216811389,-0.215341171,-0.122916294,0.504219011
M1,Numb,-13.28771238,-2.252387162,-3.015666503,-2.790984555,0.283206849,-0.263034406,-1.963154447,-1.613528957,-0.251308626
M1,Pon,-0.001443417,-0.362570079,-0.041872013,-0.511542354,0.956078628,0.610053482,-0.091439747,-0.153452076,-0.361559458
M2,Pon,-0.001443417,-0.385653692,-0.025485262,-0.521399978,0.950328265,0.610053482,-0.673045624,-0.127211375,-0.357371766
M3,Pon,-0.001443417,-0.362570079,-0.000734532,-0.470592404,0.950328265,0.559427409,-1.240935124,-0.126212794,-0.339545818
M4,Pon,-0.001443417,-0.339850003,-0.056460164,-0.464796426,0.938048787,0.610053482,-0.733202307,-0.064580139,-0.295588607
M5,Pon,-0.001443417,-0.362570079,-0.024439236,-0.455151077,0.950328265,0.559427409,-0.791911383,-0.125449843,-0.343069674
M1,zRbm14b,0,0.129283017,0.670356632,-0.167381206,1.100200415,0.607682577,0.341867602,-0.05544514,-0.724183408
M1,DDX4,0.001443417,-0.308122295,0.134142597,-0.084639905,0.021827267,-0.669851398,-0.443774257,0.012657794,-0.528503216
M2,DDX4,0.001443417,-0.308122295,0.134142597,-0.112069937,0.022113201,-0.222392421,-0.45796091,0.040525052,-0.467780344
M3,DDX4,0.001443417,-0.115477217,0.134142597,-0.317628679,0.026538161,-0.222392421,-0.08636325,0.038899475,-0.58048866
M1,AKAP95,-0.001443417,-0.86393845,-0.007238826,-0.904271489,-0.022238227,-0.321928095,-2.053502816,0.035062337,-1.09654427
M2,AKAP95,0,-0.807354922,-0.016557842,-0.698953789,-0.013990014,0.201633861,-1.541744459,0.029545542,-1.284399036
M3,AKAP95,0,-0.625151591,-0.006513307,-0.72370969,-0.015730105,-0.277533976,-0.945736864,0.065761812,-0.857593126
M1,Ape1,-0.005949266,0.030373649,0.000466967,0.008431803,0.033682548,-0.1740294,0.310676146,0.033087633,-0.060481863
M2,Ape1,-1.085608716,0,-0.010311704,-0.014416836,-0.01247739,-0.101879614,0.280200733,-0.008404276,0.034634094
M1,CAPRIN1,-0.005782353,-0.584962501,N/A,-0.497688784,-0.003590405,-0.299560282,-0.352417377,0.229555798,-0.266150597
M2,CAPRIN1,-0.002888279,-0.447458977,N/A,-0.401829771,-0.006397148,-0.192645078,-0.646932254,0.230818543,-0.227446064
M3,CAPRIN1,-0.002888279,-0.425763906,N/A,-0.426161186,-0.006469147,-0.192645078,-0.961916211,0.221934941,-0.283474927
M4,CAPRIN1,-0.002888279,-0.425763906,N/A,-0.474340014,-0.006649231,-0.245112498,-0.844063732,0.224887231,-0.190418641
M1,Pros,0,-0.330148602,-0.009408127,-0.394142258,-0.129336868,-1.30256277,-2.47866004,0.106823568,-0.761631559
M1,SynGAP1,-0.144010303,-0.877143252,-0.529806456,-1.427524409,1.246006959,-1,-3.001858277,-1.542970305,-0.095357051
M1,Git1,0,0,0.037095962,0.018959778,0.259758836,0.275634443,-0.456516571,0.006274286,-0.137810679
